-- MySQL dump 10.13  Distrib 8.0.34, for Win64 (x86_64)
--
-- Host: 127.0.0.1    Database: tlias
-- ------------------------------------------------------
-- Server version	8.0.34

/*!40101 SET @OLD_CHARACTER_SET_CLIENT=@@CHARACTER_SET_CLIENT */;
/*!40101 SET @OLD_CHARACTER_SET_RESULTS=@@CHARACTER_SET_RESULTS */;
/*!40101 SET @OLD_COLLATION_CONNECTION=@@COLLATION_CONNECTION */;
/*!50503 SET NAMES utf8mb4 */;
/*!40103 SET @OLD_TIME_ZONE=@@TIME_ZONE */;
/*!40103 SET TIME_ZONE='+00:00' */;
/*!40014 SET @OLD_UNIQUE_CHECKS=@@UNIQUE_CHECKS, UNIQUE_CHECKS=0 */;
/*!40014 SET @OLD_FOREIGN_KEY_CHECKS=@@FOREIGN_KEY_CHECKS, FOREIGN_KEY_CHECKS=0 */;
/*!40101 SET @OLD_SQL_MODE=@@SQL_MODE, SQL_MODE='NO_AUTO_VALUE_ON_ZERO' */;
/*!40111 SET @OLD_SQL_NOTES=@@SQL_NOTES, SQL_NOTES=0 */;

--
-- Table structure for table `clazz`
--

DROP TABLE IF EXISTS `clazz`;
/*!40101 SET @saved_cs_client     = @@character_set_client */;
/*!50503 SET character_set_client = utf8mb4 */;
CREATE TABLE `clazz` (
  `id` int unsigned NOT NULL AUTO_INCREMENT COMMENT 'ID,主键',
  `name` varchar(30) NOT NULL COMMENT '班级名称',
  `room` varchar(20) DEFAULT NULL COMMENT '班级教室',
  `begin_date` date NOT NULL COMMENT '开课时间',
  `end_date` date NOT NULL COMMENT '结课时间',
  `master_id` int unsigned DEFAULT NULL COMMENT '班主任ID, 关联员工表ID',
  `subject` tinyint unsigned NOT NULL COMMENT '学科, 1:java, 2:前端, 3:大数据, 4:Python, 5:Go, 6: 嵌入式',
  `create_time` datetime DEFAULT NULL COMMENT '创建时间',
  `update_time` datetime DEFAULT NULL COMMENT '修改时间',
  PRIMARY KEY (`id`),
  UNIQUE KEY `name` (`name`)
) ENGINE=InnoDB AUTO_INCREMENT=9 DEFAULT CHARSET=utf8mb4 COLLATE=utf8mb4_0900_ai_ci COMMENT='班级表';
/*!40101 SET character_set_client = @saved_cs_client */;

--
-- Dumping data for table `clazz`
--

LOCK TABLES `clazz` WRITE;
/*!40000 ALTER TABLE `clazz` DISABLE KEYS */;
INSERT INTO `clazz` VALUES (2,'前端就业90期','210','2024-07-10','2024-01-20',3,2,'2024-06-01 17:45:12','2024-06-01 17:45:12'),(3,'JavaEE就业165期','108','2024-06-15','2024-12-25',6,1,'2024-06-01 17:45:40','2024-06-01 17:45:40'),(4,'JavaEE就业166期','105','2024-07-20','2024-02-20',20,1,'2024-06-01 17:46:10','2024-06-01 17:46:10'),(5,'大数据就业58期','209','2024-08-01','2024-02-15',7,3,'2024-06-01 17:51:21','2024-06-01 17:51:21'),(6,'JavaEE就业167期','325','2024-11-20','2024-05-10',36,1,'2024-11-15 11:35:46','2024-12-13 14:31:24'),(7,'哈哈信息就','667','2026-06-03','2026-06-18',6,4,'2026-06-20 16:39:07','2026-06-20 17:53:07'),(8,'嘻嘻哈哈班','999','2026-06-03','2026-06-22',2,2,'2026-06-20 17:17:57','2026-06-20 17:17:57');
/*!40000 ALTER TABLE `clazz` ENABLE KEYS */;
UNLOCK TABLES;

--
-- Table structure for table `dept`
--

DROP TABLE IF EXISTS `dept`;
/*!40101 SET @saved_cs_client     = @@character_set_client */;
/*!50503 SET character_set_client = utf8mb4 */;
CREATE TABLE `dept` (
  `id` int unsigned NOT NULL AUTO_INCREMENT COMMENT 'ID, 主键',
  `name` varchar(10) NOT NULL COMMENT '部门名称',
  `create_time` datetime DEFAULT NULL COMMENT '创建时间',
  `update_time` datetime DEFAULT NULL COMMENT '修改时间',
  PRIMARY KEY (`id`),
  UNIQUE KEY `name` (`name`)
) ENGINE=InnoDB AUTO_INCREMENT=32 DEFAULT CHARSET=utf8mb4 COLLATE=utf8mb4_0900_ai_ci COMMENT='部门表';
/*!40101 SET character_set_client = @saved_cs_client */;

--
-- Dumping data for table `dept`
--

LOCK TABLES `dept` WRITE;
/*!40000 ALTER TABLE `dept` DISABLE KEYS */;
INSERT INTO `dept` VALUES (1,'学工部','2024-09-25 09:47:40','2024-09-25 09:47:40'),(2,'教研部','2024-09-25 09:47:40','2024-09-09 15:17:04'),(3,'咨询部','2024-09-25 09:47:40','2024-09-30 21:26:24'),(4,'就业部','2024-09-25 09:47:40','2024-09-25 09:47:40'),(5,'人事部','2024-09-25 09:47:40','2026-06-15 21:15:08'),(10,'财务部','2026-06-15 20:07:39','2026-06-22 15:46:19');
/*!40000 ALTER TABLE `dept` ENABLE KEYS */;
UNLOCK TABLES;

--
-- Table structure for table `emp`
--

DROP TABLE IF EXISTS `emp`;
/*!40101 SET @saved_cs_client     = @@character_set_client */;
/*!50503 SET character_set_client = utf8mb4 */;
CREATE TABLE `emp` (
  `id` int unsigned NOT NULL AUTO_INCREMENT COMMENT 'ID,主键',
  `username` varchar(20) NOT NULL COMMENT '用户名',
  `password` varchar(32) DEFAULT '123456' COMMENT '密码',
  `name` varchar(10) NOT NULL COMMENT '姓名',
  `gender` tinyint unsigned NOT NULL COMMENT '性别, 1:男, 2:女',
  `phone` char(11) NOT NULL COMMENT '手机号',
  `job` tinyint unsigned DEFAULT NULL COMMENT '职位, 1 班主任, 2 讲师 , 3 学工主管, 4 教研主管, 5 咨询师',
  `salary` int unsigned DEFAULT NULL COMMENT '薪资',
  `image` varchar(255) DEFAULT NULL COMMENT '头像',
  `entry_date` date DEFAULT NULL COMMENT '入职日期',
  `dept_id` int unsigned DEFAULT NULL COMMENT '部门ID',
  `create_time` datetime DEFAULT NULL COMMENT '创建时间',
  `update_time` datetime DEFAULT NULL COMMENT '修改时间',
  PRIMARY KEY (`id`),
  UNIQUE KEY `username` (`username`),
  UNIQUE KEY `phone` (`phone`)
) ENGINE=InnoDB AUTO_INCREMENT=72 DEFAULT CHARSET=utf8mb4 COLLATE=utf8mb4_0900_ai_ci COMMENT='员工表';
/*!40101 SET character_set_client = @saved_cs_client */;

--
-- Dumping data for table `emp`
--

LOCK TABLES `emp` WRITE;
/*!40000 ALTER TABLE `emp` DISABLE KEYS */;
INSERT INTO `emp` VALUES (1,'shinaian','123456','施耐庵009',1,'13309090001',4,15000,'https://java-al-wdc.oss-cn-beijing.aliyuncs.com/2026/06/10d8912e-1ea1-4f80-bde7-d2581e9d8571.jpg','2000-01-01',2,'2023-10-20 16:35:33','2026-06-20 11:00:48'),(2,'songjiang','123456','宋江',1,'13309090002',2,8600,'https://web-framework.oss-cn-hangzhou.aliyuncs.com/2023/1.jpg','2015-01-01',2,'2023-10-20 16:35:33','2023-10-20 16:35:37'),(3,'lujunyi','123456','卢俊义',1,'13309090003',2,8900,'https://web-framework.oss-cn-hangzhou.aliyuncs.com/2023/1.jpg','2008-05-01',2,'2023-10-20 16:35:33','2023-10-20 16:35:39'),(4,'wuyong','123456','吴用',1,'13309090004',2,9200,'https://web-framework.oss-cn-hangzhou.aliyuncs.com/2023/1.jpg','2007-01-01',2,'2023-10-20 16:35:33','2023-10-20 16:35:41'),(5,'gongsunsheng','123456','公孙胜',1,'13309090005',2,9500,'https://web-framework.oss-cn-hangzhou.aliyuncs.com/2023/1.jpg','2012-12-05',2,'2023-10-20 16:35:33','2023-10-20 16:35:43'),(6,'huosanniang','123456','扈三娘',2,'13309090006',3,6500,'https://web-framework.oss-cn-hangzhou.aliyuncs.com/2023/1.jpg','2013-09-05',1,'2023-10-20 16:35:33','2023-10-20 16:35:45'),(7,'chaijin','123456','柴进',1,'13309090007',1,4700,'https://web-framework.oss-cn-hangzhou.aliyuncs.com/2023/1.jpg','2005-08-01',1,'2023-10-20 16:35:33','2023-10-20 16:35:47'),(8,'likui','123456','李逵',1,'13309090008',1,4800,'https://web-framework.oss-cn-hangzhou.aliyuncs.com/2023/1.jpg','2014-11-09',1,'2023-10-20 16:35:33','2023-10-20 16:35:49'),(9,'wusong','123456','武松',1,'13309090009',1,4900,'https://web-framework.oss-cn-hangzhou.aliyuncs.com/2023/1.jpg','2011-03-11',1,'2023-10-20 16:35:33','2023-10-20 16:35:51'),(10,'linchong','123456','林冲',1,'13309090010',1,5000,'https://web-framework.oss-cn-hangzhou.aliyuncs.com/2023/1.jpg','2013-09-05',1,'2023-10-20 16:35:33','2023-10-20 16:35:53'),(11,'huyanzhuo','123456','呼延灼',1,'13309090011',2,9700,'https://web-framework.oss-cn-hangzhou.aliyuncs.com/2023/1.jpg','2007-02-01',2,'2023-10-20 16:35:33','2023-10-20 16:35:55'),(12,'xiaoliguang','123456','小李广',1,'13309090012',2,10000,'https://web-framework.oss-cn-hangzhou.aliyuncs.com/2023/1.jpg','2008-08-18',2,'2023-10-20 16:35:33','2023-10-20 16:35:57'),(13,'yangzhi','123456','杨志',1,'13309090013',1,5300,'https://web-framework.oss-cn-hangzhou.aliyuncs.com/2023/1.jpg','2012-11-01',1,'2023-10-20 16:35:33','2023-10-20 16:35:59'),(14,'shijin','123456','史进',1,'13309090014',2,10600,'https://web-framework.oss-cn-hangzhou.aliyuncs.com/2023/1.jpg','2002-08-01',2,'2023-10-20 16:35:33','2023-10-20 16:36:01'),(15,'sunerniang','123456','孙二娘',2,'13309090015',2,10900,'https://web-framework.oss-cn-hangzhou.aliyuncs.com/2023/1.jpg','2011-05-01',2,'2023-10-20 16:35:33','2023-10-20 16:36:03'),(16,'luzhishen','123456','鲁智深',1,'13309090016',2,9600,'https://web-framework.oss-cn-hangzhou.aliyuncs.com/2023/1.jpg','2010-01-01',2,'2023-10-20 16:35:33','2023-10-20 16:36:05'),(17,'liying','12345678','李应',1,'13309090017',1,5800,'https://web-framework.oss-cn-hangzhou.aliyuncs.com/2023/1.jpg','2015-03-21',1,'2023-10-20 16:35:33','2023-10-20 16:36:07'),(18,'shiqian','123456','时迁',1,'13309090018',2,10200,'https://web-framework.oss-cn-hangzhou.aliyuncs.com/2023/1.jpg','2015-01-01',2,'2023-10-20 16:35:33','2023-10-20 16:36:09'),(19,'gudasao','123456','顾大嫂',2,'13309090019',2,10500,'https://web-framework.oss-cn-hangzhou.aliyuncs.com/2023/1.jpg','2008-01-01',2,'2023-10-20 16:35:33','2023-10-20 16:36:11'),(20,'ruanxiaoer','123456','阮小二',1,'13309090020',2,10800,'https://web-framework.oss-cn-hangzhou.aliyuncs.com/2023/1.jpg','2018-01-01',2,'2023-10-20 16:35:33','2023-10-20 16:36:13'),(21,'ruanxiaowu','123456','阮小五',1,'13309090021',5,5200,'https://web-framework.oss-cn-hangzhou.aliyuncs.com/2023/1.jpg','2015-01-01',3,'2023-10-20 16:35:33','2023-10-20 16:36:15'),(22,'ruanxiaoqi','123456','阮小七',1,'13309090022',5,5500,'https://web-framework.oss-cn-hangzhou.aliyuncs.com/2023/1.jpg','2016-01-01',3,'2023-10-20 16:35:33','2023-10-20 16:36:17'),(23,'ruanji','123456','阮籍',1,'13309090023',5,5800,'https://web-framework.oss-cn-hangzhou.aliyuncs.com/2023/1.jpg','2012-01-01',3,'2023-10-20 16:35:33','2023-10-20 16:36:19'),(24,'tongwei','123456','童威',1,'13309090024',5,5000,'https://web-framework.oss-cn-hangzhou.aliyuncs.com/2023/1.jpg','2006-01-01',3,'2023-10-20 16:35:33','2023-10-20 16:36:21'),(25,'tongmeng','123456','童猛',1,'13309090025',5,4800,'https://web-framework.oss-cn-hangzhou.aliyuncs.com/2023/1.jpg','2002-01-01',3,'2023-10-20 16:35:33','2023-10-20 16:36:23'),(30,'liyun','123456','李云',1,'13309090030',NULL,NULL,'https://web-framework.oss-cn-hangzhou.aliyuncs.com/2023/1.jpg','2020-03-01',NULL,'2023-10-20 16:35:33','2023-10-20 16:36:31'),(36,'linghuchong','123456','令狐冲',1,'18809091212',2,6800,'https://web-framework.oss-cn-hangzhou.aliyuncs.com/2023/1.jpg','2023-10-19',2,'2023-10-20 20:44:54','2023-11-09 09:41:04'),(37,'姚榕融',NULL,'戎俊凯',2,'12345678912',21,28,'https://loremflickr.com/400/400?lock=2013862396127832','2026-08-20',93,NULL,NULL),(41,'天天',NULL,'喜喜',2,'12345612345',21,28,'https://loremflickr.com/400/400?lock=2013862396127832','2022-08-20',2,NULL,NULL),(53,'撒空',NULL,'李云',1,'13305550006',1,55,'https://java-al-wdc.oss-cn-beijing.aliyuncs.com/2026/06/5a0171dd-35a0-4f08-bd59-eb8ef07807a2.png','2026-06-12',5,NULL,'2026-06-20 11:06:05'),(55,'sadsa',NULL,'adads',2,'56249863254',1,4568,'https://java-al-wdc.oss-cn-beijing.aliyuncs.com/2026/06/00235b69-f93f-4557-b32d-23c1f1d252c8.png','2026-06-08',5,NULL,'2026-06-25 20:38:55'),(56,'萨半岛',NULL,'打死u',2,'56249863259',1,4568,'https://java-al-wdc.oss-cn-beijing.aliyuncs.com/2026/06/00235b69-f93f-4557-b32d-23c1f1d252c8.png','2026-06-08',5,NULL,'2026-06-25 20:41:50'),(57,'121',NULL,'121',2,'73548564836',1,3423,'https://java-al-wdc.oss-cn-beijing.aliyuncs.com/2026/06/6f07c856-47cd-4be4-9d05-f5b5c5e17c32.jpg','2026-06-12',5,NULL,'2026-06-25 20:44:23'),(58,'啊吃撒',NULL,'CX实现',2,'15463289756',1,65656,'https://java-al-wdc.oss-cn-beijing.aliyuncs.com/2026/06/2f75f3d6-e7e0-413a-af1e-10d61ac54b3c.jpg','2026-06-09',3,NULL,'2026-06-26 08:35:46'),(59,'撒打算',NULL,'啊是擦上',2,'15632547895',2,1454,'https://java-al-wdc.oss-cn-beijing.aliyuncs.com/2026/06/573d9b40-82a4-4e12-9793-daaffe9b7304.jpg','2026-06-11',5,NULL,'2026-06-26 09:17:02'),(61,'打赏',NULL,'啊实打实',1,'16542365897',2,12455,'https://java-al-wdc.oss-cn-beijing.aliyuncs.com/2026/06/90175f89-a2cc-44bb-a625-f612b3f99d76.jpg','2026-06-07',3,NULL,'2026-06-26 09:29:59'),(62,'搞了个',NULL,'大根堆',1,'16542395864',3,5465,'https://java-al-wdc.oss-cn-beijing.aliyuncs.com/2026/06/6388ee4d-1fdd-43ef-8902-0843509a9db6.jpg','2026-06-09',5,NULL,'2026-06-26 09:35:56');
/*!40000 ALTER TABLE `emp` ENABLE KEYS */;
UNLOCK TABLES;

--
-- Table structure for table `emp_expr`
--

DROP TABLE IF EXISTS `emp_expr`;
/*!40101 SET @saved_cs_client     = @@character_set_client */;
/*!50503 SET character_set_client = utf8mb4 */;
CREATE TABLE `emp_expr` (
  `id` int unsigned NOT NULL AUTO_INCREMENT COMMENT 'ID, 主键',
  `emp_id` int unsigned DEFAULT NULL COMMENT '员工ID',
  `begin` date DEFAULT NULL COMMENT '开始时间',
  `end` date DEFAULT NULL COMMENT '结束时间',
  `company` varchar(50) DEFAULT NULL COMMENT '公司名称',
  `job` varchar(50) DEFAULT NULL COMMENT '职位',
  PRIMARY KEY (`id`)
) ENGINE=InnoDB AUTO_INCREMENT=18 DEFAULT CHARSET=utf8mb4 COLLATE=utf8mb4_0900_ai_ci COMMENT='工作经历';
/*!40101 SET character_set_client = @saved_cs_client */;

--
-- Dumping data for table `emp_expr`
--

LOCK TABLES `emp_expr` WRITE;
/*!40000 ALTER TABLE `emp_expr` DISABLE KEYS */;
INSERT INTO `emp_expr` VALUES (1,NULL,'2026-07-13','2026-07-28','订单','按市场'),(3,NULL,'2026-07-14','2026-07-26','储存','阿飞'),(4,NULL,'2026-06-16','2026-07-14','ascsa','ss'),(5,NULL,'2026-06-16','2026-07-14','ascsa','ss'),(6,NULL,'2026-07-13','2026-07-15','2日2','2423'),(7,NULL,'2026-07-23','2026-07-30','操作C','杂草丛生'),(8,NULL,'2026-07-14','2026-07-22','111','555'),(9,NULL,'2026-06-17','2026-07-09','分解','户口'),(10,NULL,'2026-06-16','2026-07-06','大根堆','多个'),(11,NULL,'2026-07-15','2026-07-23','dc','山地车'),(14,NULL,'2026-06-16','2026-07-19','估计','发几个飞机工业'),(15,NULL,'2026-07-14','2026-07-21','单个','多沟通'),(17,NULL,'2026-07-13','2026-07-16','减肥的','速度测试的');
/*!40000 ALTER TABLE `emp_expr` ENABLE KEYS */;
UNLOCK TABLES;

--
-- Table structure for table `emp_log`
--

DROP TABLE IF EXISTS `emp_log`;
/*!40101 SET @saved_cs_client     = @@character_set_client */;
/*!50503 SET character_set_client = utf8mb4 */;
CREATE TABLE `emp_log` (
  `id` int unsigned NOT NULL AUTO_INCREMENT COMMENT 'ID, 主键',
  `operate_time` datetime DEFAULT NULL COMMENT '操作时间',
  `info` varchar(2000) DEFAULT NULL COMMENT '日志信息',
  PRIMARY KEY (`id`)
) ENGINE=InnoDB AUTO_INCREMENT=29 DEFAULT CHARSET=utf8mb4 COLLATE=utf8mb4_0900_ai_ci COMMENT='员工日志表';
/*!40101 SET character_set_client = @saved_cs_client */;

--
-- Dumping data for table `emp_log`
--

LOCK TABLES `emp_log` WRITE;
/*!40000 ALTER TABLE `emp_log` DISABLE KEYS */;
INSERT INTO `emp_log` VALUES (1,'2026-06-19 14:26:31','新增员工：Emp(id=null, username=wdc, password=null, name=王德成, gender=1, phone=12345645612, job=1, salary=99999, image=https://java-al-wdc.oss-cn-beijing.aliyuncs.com/2026/06/6a9bec2f-7763-4391-a12e-dcceb080c280.jpg, entryDate=2026-06-09, deptId=2, createTime=2026-06-19T14:26:30.612382500, updateTime=2026-06-19T14:26:30.612382500, deptName=null, exprList=[EmpExpr(id=null, empId=null, begin=2026-07-13, end=2026-07-28, company=订单, job=按市场)])'),(2,'2026-06-19 14:26:41','新增员工：Emp(id=null, username=wdc, password=null, name=王德成, gender=1, phone=12345645612, job=1, salary=99999, image=https://java-al-wdc.oss-cn-beijing.aliyuncs.com/2026/06/6a9bec2f-7763-4391-a12e-dcceb080c280.jpg, entryDate=2026-06-09, deptId=2, createTime=2026-06-19T14:26:40.756959, updateTime=2026-06-19T14:26:40.756959, deptName=null, exprList=[EmpExpr(id=null, empId=null, begin=2026-07-13, end=2026-07-28, company=订单, job=按市场)])'),(3,'2026-06-19 14:54:04','新增员工：Emp(id=null, username=wdc, password=null, name=王德成, gender=1, phone=12345645612, job=1, salary=99999, image=https://java-al-wdc.oss-cn-beijing.aliyuncs.com/2026/06/6a9bec2f-7763-4391-a12e-dcceb080c280.jpg, entryDate=2026-06-09, deptId=2, createTime=2026-06-19T14:54:03.809255300, updateTime=2026-06-19T14:54:03.809255300, deptName=null, exprList=[EmpExpr(id=null, empId=null, begin=2026-07-13, end=2026-07-28, company=订单, job=按市场)])'),(4,'2026-06-19 14:54:59','新增员工：Emp(id=null, username=wdc, password=null, name=王德成, gender=1, phone=12345645612, job=1, salary=99999, image=https://java-al-wdc.oss-cn-beijing.aliyuncs.com/2026/06/6a9bec2f-7763-4391-a12e-dcceb080c280.jpg, entryDate=2026-06-09, deptId=2, createTime=2026-06-19T14:54:58.549783300, updateTime=2026-06-19T14:54:58.549783300, deptName=null, exprList=[EmpExpr(id=null, empId=null, begin=2026-07-13, end=2026-07-28, company=订单, job=按市场)])'),(5,'2026-06-20 11:02:25','新增员工：Emp(id=null, username=当地市场, password=null, name=尺寸, gender=2, phone=13309090001, job=1, salary=55, image=https://java-al-wdc.oss-cn-beijing.aliyuncs.com/2026/06/5a0171dd-35a0-4f08-bd59-eb8ef07807a2.png, entryDate=2026-06-12, deptId=5, createTime=2026-06-20T11:02:24.648325100, updateTime=2026-06-20T11:02:24.648325100, deptName=null, exprList=[EmpExpr(id=null, empId=null, begin=2026-07-14, end=2026-07-26, company=储存, job=阿飞)])'),(6,'2026-06-20 11:04:55','新增员工：Emp(id=null, username=当地市场, password=null, name=尺寸, gender=2, phone=13309090001, job=1, salary=55, image=https://java-al-wdc.oss-cn-beijing.aliyuncs.com/2026/06/5a0171dd-35a0-4f08-bd59-eb8ef07807a2.png, entryDate=2026-06-12, deptId=5, createTime=2026-06-20T11:04:54.895892300, updateTime=2026-06-20T11:04:54.895892300, deptName=null, exprList=[EmpExpr(id=null, empId=null, begin=2026-07-14, end=2026-07-26, company=储存, job=阿飞)])'),(7,'2026-06-20 11:05:23','新增员工：Emp(id=null, username=李云, password=null, name=尺寸, gender=2, phone=13309090001, job=1, salary=55, image=https://java-al-wdc.oss-cn-beijing.aliyuncs.com/2026/06/5a0171dd-35a0-4f08-bd59-eb8ef07807a2.png, entryDate=2026-06-12, deptId=5, createTime=2026-06-20T11:05:23.389507900, updateTime=2026-06-20T11:05:23.389507900, deptName=null, exprList=[EmpExpr(id=null, empId=null, begin=2026-07-14, end=2026-07-26, company=储存, job=阿飞)])'),(8,'2026-06-20 11:05:31','新增员工：Emp(id=null, username=李云, password=null, name=尺寸, gender=2, phone=13309090006, job=1, salary=55, image=https://java-al-wdc.oss-cn-beijing.aliyuncs.com/2026/06/5a0171dd-35a0-4f08-bd59-eb8ef07807a2.png, entryDate=2026-06-12, deptId=5, createTime=2026-06-20T11:05:30.897043100, updateTime=2026-06-20T11:05:30.897043100, deptName=null, exprList=[EmpExpr(id=null, empId=null, begin=2026-07-14, end=2026-07-26, company=储存, job=阿飞)])'),(9,'2026-06-20 11:05:39','新增员工：Emp(id=null, username=李云, password=null, name=尺寸, gender=2, phone=13305550006, job=1, salary=55, image=https://java-al-wdc.oss-cn-beijing.aliyuncs.com/2026/06/5a0171dd-35a0-4f08-bd59-eb8ef07807a2.png, entryDate=2026-06-12, deptId=5, createTime=2026-06-20T11:05:39.071368300, updateTime=2026-06-20T11:05:39.071368300, deptName=null, exprList=[EmpExpr(id=null, empId=null, begin=2026-07-14, end=2026-07-26, company=储存, job=阿飞)])'),(10,'2026-06-25 20:38:43','新增员工：Emp(id=null, username=sadsa, password=null, name=adads, gender=2, phone=12345612345, job=1, salary=4568, image=https://java-al-wdc.oss-cn-beijing.aliyuncs.com/2026/06/00235b69-f93f-4557-b32d-23c1f1d252c8.png, entryDate=2026-06-08, deptId=5, createTime=2026-06-25T20:38:42.401119400, updateTime=2026-06-25T20:38:42.401492800, deptName=null, exprList=[EmpExpr(id=null, empId=null, begin=2026-06-16, end=2026-07-14, company=ascsa, job=ss)])'),(11,'2026-06-25 20:38:55','新增员工：Emp(id=null, username=sadsa, password=null, name=adads, gender=2, phone=56249863254, job=1, salary=4568, image=https://java-al-wdc.oss-cn-beijing.aliyuncs.com/2026/06/00235b69-f93f-4557-b32d-23c1f1d252c8.png, entryDate=2026-06-08, deptId=5, createTime=2026-06-25T20:38:54.817088700, updateTime=2026-06-25T20:38:54.817088700, deptName=null, exprList=[EmpExpr(id=null, empId=null, begin=2026-06-16, end=2026-07-14, company=ascsa, job=ss)])'),(12,'2026-06-25 20:41:50','新增员工：Emp(id=null, username=萨半岛, password=null, name=打死u, gender=2, phone=56249863259, job=1, salary=4568, image=https://java-al-wdc.oss-cn-beijing.aliyuncs.com/2026/06/00235b69-f93f-4557-b32d-23c1f1d252c8.png, entryDate=2026-06-08, deptId=5, createTime=2026-06-25T20:41:49.760771900, updateTime=2026-06-25T20:41:49.760771900, deptName=null, exprList=[EmpExpr(id=null, empId=null, begin=2026-06-16, end=2026-07-14, company=ascsa, job=ss)])'),(13,'2026-06-25 20:44:23','新增员工：Emp(id=null, username=121, password=null, name=121, gender=2, phone=73548564836, job=1, salary=3423, image=https://java-al-wdc.oss-cn-beijing.aliyuncs.com/2026/06/6f07c856-47cd-4be4-9d05-f5b5c5e17c32.jpg, entryDate=2026-06-12, deptId=5, createTime=2026-06-25T20:44:22.835256400, updateTime=2026-06-25T20:44:22.835256400, deptName=null, exprList=[EmpExpr(id=null, empId=null, begin=2026-07-13, end=2026-07-15, company=2日2, job=2423)])'),(14,'2026-06-26 08:35:46','新增员工：Emp(id=null, username=啊吃撒, password=null, name=CX实现, gender=2, phone=15463289756, job=1, salary=65656, image=https://java-al-wdc.oss-cn-beijing.aliyuncs.com/2026/06/2f75f3d6-e7e0-413a-af1e-10d61ac54b3c.jpg, entryDate=2026-06-09, deptId=3, createTime=2026-06-26T08:35:45.958499600, updateTime=2026-06-26T08:35:45.958499600, deptName=null, exprList=[EmpExpr(id=null, empId=null, begin=2026-07-23, end=2026-07-30, company=操作C, job=杂草丛生)])'),(15,'2026-06-26 09:17:02','新增员工：Emp(id=null, username=撒打算, password=null, name=啊是擦上, gender=2, phone=15632547895, job=2, salary=1454, image=https://java-al-wdc.oss-cn-beijing.aliyuncs.com/2026/06/573d9b40-82a4-4e12-9793-daaffe9b7304.jpg, entryDate=2026-06-11, deptId=5, createTime=2026-06-26T09:17:02.053834700, updateTime=2026-06-26T09:17:02.053834700, deptName=null, exprList=[EmpExpr(id=null, empId=null, begin=2026-07-14, end=2026-07-22, company=111, job=555)])'),(16,'2026-06-26 09:26:21','新增员工：Emp(id=null, username=打赏, password=null, name=啊实打实, gender=1, phone=16542365897, job=2, salary=12455, image=https://java-al-wdc.oss-cn-beijing.aliyuncs.com/2026/06/90175f89-a2cc-44bb-a625-f612b3f99d76.jpg, entryDate=2026-06-07, deptId=3, createTime=2026-06-26T09:26:21.436151800, updateTime=2026-06-26T09:26:21.436151800, deptName=null, exprList=[EmpExpr(id=null, empId=null, begin=2026-06-17, end=2026-07-09, company=分解, job=户口)])'),(17,'2026-06-26 09:29:59','新增员工：Emp(id=null, username=打赏, password=null, name=啊实打实, gender=1, phone=16542365897, job=2, salary=12455, image=https://java-al-wdc.oss-cn-beijing.aliyuncs.com/2026/06/90175f89-a2cc-44bb-a625-f612b3f99d76.jpg, entryDate=2026-06-07, deptId=3, createTime=2026-06-26T09:29:58.965294300, updateTime=2026-06-26T09:29:58.965294300, deptName=null, exprList=[EmpExpr(id=null, empId=null, begin=2026-06-17, end=2026-07-09, company=分解, job=户口)])'),(18,'2026-06-26 09:35:56','新增员工：Emp(id=null, username=搞了个, password=null, name=大根堆, gender=1, phone=16542395864, job=3, salary=5465, image=https://java-al-wdc.oss-cn-beijing.aliyuncs.com/2026/06/6388ee4d-1fdd-43ef-8902-0843509a9db6.jpg, entryDate=2026-06-09, deptId=5, createTime=2026-06-26T09:35:56.400077100, updateTime=2026-06-26T09:35:56.400077100, deptName=null, exprList=[EmpExpr(id=null, empId=null, begin=2026-06-16, end=2026-07-06, company=大根堆, job=多个)])'),(19,'2026-06-26 09:38:14','新增员工：Emp(id=null, username=出手大方, password=null, name=士大夫, gender=1, phone=15632895462, job=2, salary=465, image=https://java-al-wdc.oss-cn-beijing.aliyuncs.com/2026/06/014c6bd5-fbd1-4fa0-a97d-3258183c241d.jpg, entryDate=2026-06-07, deptId=5, createTime=2026-06-26T09:38:14.221727500, updateTime=2026-06-26T09:38:14.221727500, deptName=null, exprList=[EmpExpr(id=null, empId=null, begin=2026-07-15, end=2026-07-23, company=dc, job=山地车)])'),(20,'2026-06-26 09:38:42','新增员工：Emp(id=null, username=出手大方, password=null, name=士大夫, gender=1, phone=15632895462, job=2, salary=465, image=https://java-al-wdc.oss-cn-beijing.aliyuncs.com/2026/06/014c6bd5-fbd1-4fa0-a97d-3258183c241d.jpg, entryDate=2026-06-07, deptId=5, createTime=2026-06-26T09:38:41.654873500, updateTime=2026-06-26T09:38:41.654873500, deptName=null, exprList=[EmpExpr(id=null, empId=null, begin=2026-07-15, end=2026-07-23, company=dc, job=山地车)])'),(21,'2026-06-26 09:39:19','新增员工：Emp(id=null, username=出手大方, password=null, name=士大夫, gender=1, phone=15632895462, job=2, salary=465, image=https://java-al-wdc.oss-cn-beijing.aliyuncs.com/2026/06/014c6bd5-fbd1-4fa0-a97d-3258183c241d.jpg, entryDate=2026-06-07, deptId=5, createTime=2026-06-26T09:39:19.150480800, updateTime=2026-06-26T09:39:19.150480800, deptName=null, exprList=[EmpExpr(id=null, empId=null, begin=2026-07-15, end=2026-07-23, company=dc, job=山地车)])'),(22,'2026-06-26 09:52:22','新增员工：Emp(id=null, username=蓟艳, password=null, name=谏丽芳, gender=64, phone=null, job=55, salary=45, image=https://loremflickr.com/400/400?lock=192854311100561, entryDate=2025-10-08, deptId=14, createTime=2026-06-26T09:52:21.494921100, updateTime=2026-06-26T09:52:21.494921100, deptName=null, exprList=[EmpExpr(id=null, empId=null, begin=1978-11-19, end=1987-03-14, company=Lorem voluptate pariatur sit, job=velit incididunt do dolore reprehenderit), EmpExpr(id=null, empId=null, begin=1996-08-19, end=1958-09-13, company=tempor eiusmod, job=ipsum exercitation cupidatat), EmpExpr(id=null, empId=null, begin=2005-04-11, end=1949-09-30, company=nulla minim aute fugiat en, job=labore con)])'),(23,'2026-06-26 10:17:33','新增员工：Emp(id=null, username=成都市, password=null, name=幸福吧官方, gender=1, phone=15632489657, job=2, salary=5745, image=https://java-al-wdc.oss-cn-beijing.aliyuncs.com/2026/06/415d081f-fc38-4a18-b8ef-512218b3a9f7.jpg, entryDate=2026-06-08, deptId=3, createTime=2026-06-26T10:17:32.743451900, updateTime=2026-06-26T10:17:32.743451900, deptName=null, exprList=[EmpExpr(id=null, empId=null, begin=2026-06-16, end=2026-07-19, company=估计, job=发几个飞机工业), EmpExpr(id=null, empId=null, begin=2026-07-14, end=2026-07-21, company=单个, job=多沟通)])'),(24,'2026-06-26 10:20:26','新增员工：Emp(id=null, username=成都市, password=null, name=幸福吧官方, gender=1, phone=15632489657, job=2, salary=5745, image=https://java-al-wdc.oss-cn-beijing.aliyuncs.com/2026/06/415d081f-fc38-4a18-b8ef-512218b3a9f7.jpg, entryDate=2026-06-08, deptId=3, createTime=2026-06-26T10:20:25.801059, updateTime=2026-06-26T10:20:25.801059, deptName=null, exprList=[EmpExpr(id=null, empId=null, begin=2026-06-16, end=2026-07-19, company=估计, job=发几个飞机工业), EmpExpr(id=null, empId=null, begin=2026-07-14, end=2026-07-21, company=单个, job=多沟通)])'),(25,'2026-06-26 10:24:19','新增员工：Emp(id=null, username=成都市, password=null, name=幸福吧官方, gender=1, phone=15632489657, job=2, salary=5745, image=https://java-al-wdc.oss-cn-beijing.aliyuncs.com/2026/06/415d081f-fc38-4a18-b8ef-512218b3a9f7.jpg, entryDate=2026-06-08, deptId=3, createTime=2026-06-26T10:24:19.339299900, updateTime=2026-06-26T10:24:19.339299900, deptName=null, exprList=[EmpExpr(id=null, empId=null, begin=2026-06-16, end=2026-07-19, company=估计, job=发几个飞机工业), EmpExpr(id=null, empId=null, begin=2026-07-14, end=2026-07-21, company=单个, job=多沟通)])'),(26,'2026-06-26 10:24:21','新增员工：Emp(id=null, username=成都市, password=null, name=幸福吧官方, gender=1, phone=15632489657, job=2, salary=5745, image=https://java-al-wdc.oss-cn-beijing.aliyuncs.com/2026/06/415d081f-fc38-4a18-b8ef-512218b3a9f7.jpg, entryDate=2026-06-08, deptId=3, createTime=2026-06-26T10:24:21.124407800, updateTime=2026-06-26T10:24:21.124407800, deptName=null, exprList=[EmpExpr(id=null, empId=null, begin=2026-06-16, end=2026-07-19, company=估计, job=发几个飞机工业), EmpExpr(id=null, empId=null, begin=2026-07-14, end=2026-07-21, company=单个, job=多沟通)])'),(27,'2026-06-26 10:25:51','新增员工：Emp(id=null, username=成都市, password=null, name=幸福吧官方, gender=1, phone=15632489657, job=2, salary=5745, image=https://java-al-wdc.oss-cn-beijing.aliyuncs.com/2026/06/415d081f-fc38-4a18-b8ef-512218b3a9f7.jpg, entryDate=2026-06-08, deptId=3, createTime=2026-06-26T10:25:51.350489400, updateTime=2026-06-26T10:25:51.350489400, deptName=null, exprList=[EmpExpr(id=null, empId=null, begin=2026-06-16, end=2026-07-19, company=估计, job=发几个飞机工业), EmpExpr(id=null, empId=null, begin=2026-07-14, end=2026-07-21, company=单个, job=多沟通)])'),(28,'2026-06-26 10:27:53','新增员工：Emp(id=null, username=大根堆梵蒂冈, password=null, name=豆腐干豆腐干, gender=1, phone=15632489654, job=2, salary=865, image=https://java-al-wdc.oss-cn-beijing.aliyuncs.com/2026/06/6cab9798-1d0d-4c3d-a21f-373d15ad0ed8.jpg, entryDate=2026-06-09, deptId=5, createTime=2026-06-26T10:27:52.992696400, updateTime=2026-06-26T10:27:52.992696400, deptName=null, exprList=[EmpExpr(id=null, empId=null, begin=2026-07-13, end=2026-07-16, company=减肥的, job=速度测试的)])');
/*!40000 ALTER TABLE `emp_log` ENABLE KEYS */;
UNLOCK TABLES;

--
-- Table structure for table `operate_log`
--

DROP TABLE IF EXISTS `operate_log`;
/*!40101 SET @saved_cs_client     = @@character_set_client */;
/*!50503 SET character_set_client = utf8mb4 */;
CREATE TABLE `operate_log` (
  `id` int unsigned NOT NULL AUTO_INCREMENT COMMENT 'ID',
  `operate_emp_id` int unsigned DEFAULT NULL COMMENT '操作人ID',
  `operate_time` datetime DEFAULT NULL COMMENT '操作时间',
  `class_name` varchar(100) DEFAULT NULL COMMENT '操作的类名',
  `method_name` varchar(100) DEFAULT NULL COMMENT '操作的方法名',
  `method_params` varchar(2000) DEFAULT NULL COMMENT '方法参数',
  `return_value` varchar(2000) DEFAULT NULL COMMENT '返回值',
  `cost_time` bigint unsigned DEFAULT NULL COMMENT '方法执行耗时, 单位:ms',
  PRIMARY KEY (`id`)
) ENGINE=InnoDB AUTO_INCREMENT=14 DEFAULT CHARSET=utf8mb4 COLLATE=utf8mb4_0900_ai_ci COMMENT='操作日志表';
/*!40101 SET character_set_client = @saved_cs_client */;

--
-- Dumping data for table `operate_log`
--

LOCK TABLES `operate_log` WRITE;
/*!40000 ALTER TABLE `operate_log` DISABLE KEYS */;
INSERT INTO `operate_log` VALUES (1,1,'2026-06-22 15:45:40','com.tianming.controller.DeptController','list','[]','Result(code=1, msg=success, data=[Dept(id=10, name=财务部, createTime=2026-06-15T20:07:39, updateTime=2026-06-22T10:06:31), Dept(id=5, name=人事部, createTime=2024-09-25T09:47:40, updateTime=2026-06-15T21:15:08), Dept(id=3, name=咨询部, createTime=2024-09-25T09:47:40, updateTime=2024-09-30T21:26:24), Dept(id=1, name=学工部, createTime=2024-09-25T09:47:40, updateTime=2024-09-25T09:47:40), Dept(id=4, name=就业部, createTime=2024-09-25T09:47:40, updateTime=2024-09-25T09:47:40), Dept(id=2, name=教研部, createTime=2024-09-25T09:47:40, updateTime=2024-09-09T15:17:04)])',5),(2,1,'2026-06-22 15:45:53','com.tianming.controller.DeptController','get','[10]','Result(code=1, msg=success, data=Dept(id=10, name=财务部, createTime=2026-06-15T20:07:39, updateTime=2026-06-22T10:06:31))',4),(3,1,'2026-06-22 15:45:58','com.tianming.controller.DeptController','update','[Dept(id=10, name=财务部666, createTime=2026-06-15T20:07:39, updateTime=2026-06-22T15:45:58.155440200)]','Result(code=1, msg=success, data=null)',6),(4,1,'2026-06-22 15:45:58','com.tianming.controller.DeptController','list','[]','Result(code=1, msg=success, data=[Dept(id=10, name=财务部666, createTime=2026-06-15T20:07:39, updateTime=2026-06-22T15:45:58), Dept(id=5, name=人事部, createTime=2024-09-25T09:47:40, updateTime=2026-06-15T21:15:08), Dept(id=3, name=咨询部, createTime=2024-09-25T09:47:40, updateTime=2024-09-30T21:26:24), Dept(id=1, name=学工部, createTime=2024-09-25T09:47:40, updateTime=2024-09-25T09:47:40), Dept(id=4, name=就业部, createTime=2024-09-25T09:47:40, updateTime=2024-09-25T09:47:40), Dept(id=2, name=教研部, createTime=2024-09-25T09:47:40, updateTime=2024-09-09T15:17:04)])',2),(5,1,'2026-06-22 15:46:00','com.tianming.controller.DeptController','get','[10]','Result(code=1, msg=success, data=Dept(id=10, name=财务部666, createTime=2026-06-15T20:07:39, updateTime=2026-06-22T15:45:58))',4),(6,1,'2026-06-22 15:46:09','com.tianming.controller.DeptController','get','[10]','Result(code=1, msg=success, data=Dept(id=10, name=财务部666, createTime=2026-06-15T20:07:39, updateTime=2026-06-22T15:45:58))',9),(7,1,'2026-06-22 15:46:13','com.tianming.controller.DeptController','list','[]','Result(code=1, msg=success, data=[Dept(id=10, name=财务部666, createTime=2026-06-15T20:07:39, updateTime=2026-06-22T15:45:58), Dept(id=5, name=人事部, createTime=2024-09-25T09:47:40, updateTime=2026-06-15T21:15:08), Dept(id=3, name=咨询部, createTime=2024-09-25T09:47:40, updateTime=2024-09-30T21:26:24), Dept(id=1, name=学工部, createTime=2024-09-25T09:47:40, updateTime=2024-09-25T09:47:40), Dept(id=4, name=就业部, createTime=2024-09-25T09:47:40, updateTime=2024-09-25T09:47:40), Dept(id=2, name=教研部, createTime=2024-09-25T09:47:40, updateTime=2024-09-09T15:17:04)])',4),(8,1,'2026-06-22 15:46:15','com.tianming.controller.DeptController','get','[10]','Result(code=1, msg=success, data=Dept(id=10, name=财务部666, createTime=2026-06-15T20:07:39, updateTime=2026-06-22T15:45:58))',4),(9,1,'2026-06-22 15:46:19','com.tianming.controller.DeptController','update','[Dept(id=10, name=财务部, createTime=2026-06-15T20:07:39, updateTime=2026-06-22T15:46:18.576256500)]','Result(code=1, msg=success, data=null)',4),(10,1,'2026-06-22 15:46:19','com.tianming.controller.DeptController','list','[]','Result(code=1, msg=success, data=[Dept(id=10, name=财务部, createTime=2026-06-15T20:07:39, updateTime=2026-06-22T15:46:19), Dept(id=5, name=人事部, createTime=2024-09-25T09:47:40, updateTime=2026-06-15T21:15:08), Dept(id=3, name=咨询部, createTime=2024-09-25T09:47:40, updateTime=2024-09-30T21:26:24), Dept(id=1, name=学工部, createTime=2024-09-25T09:47:40, updateTime=2024-09-25T09:47:40), Dept(id=4, name=就业部, createTime=2024-09-25T09:47:40, updateTime=2024-09-25T09:47:40), Dept(id=2, name=教研部, createTime=2024-09-25T09:47:40, updateTime=2024-09-09T15:17:04)])',3),(11,4,'2026-06-22 16:49:05','com.tianming.controller.DeptController','list','[]','Result(code=1, msg=success, data=[Dept(id=10, name=财务部, createTime=2026-06-15T20:07:39, updateTime=2026-06-22T15:46:19), Dept(id=5, name=人事部, createTime=2024-09-25T09:47:40, updateTime=2026-06-15T21:15:08), Dept(id=3, name=咨询部, createTime=2024-09-25T09:47:40, updateTime=2024-09-30T21:26:24), Dept(id=1, name=学工部, createTime=2024-09-25T09:47:40, updateTime=2024-09-25T09:47:40), Dept(id=4, name=就业部, createTime=2024-09-25T09:47:40, updateTime=2024-09-25T09:47:40), Dept(id=2, name=教研部, createTime=2024-09-25T09:47:40, updateTime=2024-09-09T15:17:04)])',11),(12,4,'2026-06-22 16:49:07','com.tianming.controller.DeptController','list','[]','Result(code=1, msg=success, data=[Dept(id=10, name=财务部, createTime=2026-06-15T20:07:39, updateTime=2026-06-22T15:46:19), Dept(id=5, name=人事部, createTime=2024-09-25T09:47:40, updateTime=2026-06-15T21:15:08), Dept(id=3, name=咨询部, createTime=2024-09-25T09:47:40, updateTime=2024-09-30T21:26:24), Dept(id=1, name=学工部, createTime=2024-09-25T09:47:40, updateTime=2024-09-25T09:47:40), Dept(id=4, name=就业部, createTime=2024-09-25T09:47:40, updateTime=2024-09-25T09:47:40), Dept(id=2, name=教研部, createTime=2024-09-25T09:47:40, updateTime=2024-09-09T15:17:04)])',7),(13,4,'2026-06-23 18:47:30','com.tianming.controller.DeptController','list','[]','Result(code=1, msg=success, data=[Dept(id=10, name=财务部, createTime=2026-06-15T20:07:39, updateTime=2026-06-22T15:46:19), Dept(id=5, name=人事部, createTime=2024-09-25T09:47:40, updateTime=2026-06-15T21:15:08), Dept(id=3, name=咨询部, createTime=2024-09-25T09:47:40, updateTime=2024-09-30T21:26:24), Dept(id=1, name=学工部, createTime=2024-09-25T09:47:40, updateTime=2024-09-25T09:47:40), Dept(id=4, name=就业部, createTime=2024-09-25T09:47:40, updateTime=2024-09-25T09:47:40), Dept(id=2, name=教研部, createTime=2024-09-25T09:47:40, updateTime=2024-09-09T15:17:04)])',18);
/*!40000 ALTER TABLE `operate_log` ENABLE KEYS */;
UNLOCK TABLES;

--
-- Table structure for table `student`
--

DROP TABLE IF EXISTS `student`;
/*!40101 SET @saved_cs_client     = @@character_set_client */;
/*!50503 SET character_set_client = utf8mb4 */;
CREATE TABLE `student` (
  `id` int unsigned NOT NULL AUTO_INCREMENT COMMENT 'ID,主键',
  `name` varchar(10) NOT NULL COMMENT '姓名',
  `no` char(10) NOT NULL COMMENT '学号',
  `gender` tinyint unsigned NOT NULL COMMENT '性别, 1: 男, 2: 女',
  `phone` varchar(11) NOT NULL COMMENT '手机号',
  `id_card` char(18) NOT NULL COMMENT '身份证号',
  `is_college` tinyint unsigned NOT NULL COMMENT '是否来自于院校, 1:是, 0:否',
  `address` varchar(100) DEFAULT NULL COMMENT '联系地址',
  `degree` tinyint unsigned DEFAULT NULL COMMENT '最高学历, 1:初中, 2:高中, 3:大专, 4:本科, 5:硕士, 6:博士',
  `graduation_date` date DEFAULT NULL COMMENT '毕业时间',
  `clazz_id` int unsigned NOT NULL COMMENT '班级ID, 关联班级表ID',
  `violation_count` tinyint unsigned NOT NULL DEFAULT '0' COMMENT '违纪次数',
  `violation_score` tinyint unsigned NOT NULL DEFAULT '0' COMMENT '违纪扣分',
  `create_time` datetime DEFAULT NULL COMMENT '创建时间',
  `update_time` datetime DEFAULT NULL COMMENT '修改时间',
  PRIMARY KEY (`id`),
  UNIQUE KEY `no` (`no`),
  UNIQUE KEY `phone` (`phone`),
  UNIQUE KEY `id_card` (`id_card`)
) ENGINE=InnoDB AUTO_INCREMENT=20 DEFAULT CHARSET=utf8mb4 COLLATE=utf8mb4_0900_ai_ci COMMENT='学员表';
/*!40101 SET character_set_client = @saved_cs_client */;

--
-- Dumping data for table `student`
--

LOCK TABLES `student` WRITE;
/*!40000 ALTER TABLE `student` DISABLE KEYS */;
INSERT INTO `student` VALUES (1,'段誉','2022000001',1,'18800000001','110120000300200001',1,'北京市昌平区建材城西路1号',1,'2021-07-01',2,0,0,'2024-11-14 21:22:19','2026-06-20 21:05:09'),(2,'萧峰','2022000002',1,'18800210003','110120000300200002',1,'北京市昌平区建材城西路2号',2,'2022-07-01',1,0,0,'2024-11-14 21:22:19','2024-11-14 21:22:19'),(3,'虚竹','2022000003',1,'18800013001','110120000300200003',1,'北京市昌平区建材城西路3号',2,'2024-07-01',1,1,2,'2024-11-14 21:22:19','2026-06-20 21:07:13'),(4,'萧远山','2022000004',1,'18800003211','110120000300200004',1,'北京市昌平区建材城西路4号',3,'2024-07-01',1,0,0,'2024-11-14 21:22:19','2024-11-14 21:22:19'),(5,'阿朱','2022000005',2,'18800160002','110120000300200005',1,'北京市昌平区建材城西路5号',4,'2020-07-01',1,0,0,'2024-11-14 21:22:19','2024-11-14 21:22:19'),(6,'阿紫','2022000006',2,'18800000034','110120000300200006',1,'北京市昌平区建材城西路6号',4,'2021-07-01',2,0,0,'2024-11-14 21:22:19','2024-11-14 21:22:19'),(7,'游坦之','2022000007',1,'18800000067','110120000300200007',1,'北京市昌平区建材城西路7号',4,'2022-07-01',2,0,0,'2024-11-14 21:22:19','2024-11-14 21:22:19'),(8,'康敏','2022000008',2,'18800000077','110120000300200008',1,'北京市昌平区建材城西路8号',5,'2024-07-01',2,0,0,'2024-11-14 21:22:19','2024-11-14 21:22:19'),(9,'徐长老','2022000009',1,'18800000341','110120000300200009',1,'北京市昌平区建材城西路9号',3,'2024-07-01',2,0,0,'2024-11-14 21:22:19','2024-11-14 21:22:19'),(10,'云中鹤','2022000010',1,'18800006571','110120000300200010',1,'北京市昌平区建材城西路10号',2,'2020-07-01',2,0,0,'2024-11-14 21:22:19','2024-11-14 21:22:19'),(12,'崔百泉','2022000012',1,'18800000781','110120000300200018',1,'北京市昌平区建材城西路12号',5,'2022-07-05',2,6,17,'2024-11-14 21:22:19','2024-12-13 14:33:58'),(15,'刘竹庄','2022000015',1,'18800009401','110120000300200015',1,'北京市昌平区建材城西路15号',3,'2020-07-01',4,0,0,'2024-11-14 21:22:19','2024-11-14 21:22:19'),(16,'李春来','2022000016',1,'18800008501','110120000300200016',1,'北京市昌平区建材城西路16号',4,'2021-07-01',4,0,0,'2024-11-14 21:22:19','2024-11-14 21:22:19'),(17,'王语嫣','2022000017',2,'18800007601','110120000300200017',1,'北京市昌平区建材城西路17号',2,'2022-07-01',4,0,0,'2024-11-14 21:22:19','2024-11-14 21:22:19'),(18,'郑成功','2024001101',1,'13309092345','110110110110110110',0,'北京市昌平区回龙观街道88号',5,'2021-07-01',3,2,7,'2024-11-15 16:26:18','2024-11-15 16:40:10'),(19,'王德成','1234561234',1,'19551740818','321322200512365478',1,'啊u的v阿卡',6,'2026-06-25',4,0,0,'2026-06-20 20:39:53','2026-06-20 20:39:53');
/*!40000 ALTER TABLE `student` ENABLE KEYS */;
UNLOCK TABLES;
/*!40103 SET TIME_ZONE=@OLD_TIME_ZONE */;

/*!40101 SET SQL_MODE=@OLD_SQL_MODE */;
/*!40014 SET FOREIGN_KEY_CHECKS=@OLD_FOREIGN_KEY_CHECKS */;
/*!40014 SET UNIQUE_CHECKS=@OLD_UNIQUE_CHECKS */;
/*!40101 SET CHARACTER_SET_CLIENT=@OLD_CHARACTER_SET_CLIENT */;
/*!40101 SET CHARACTER_SET_RESULTS=@OLD_CHARACTER_SET_RESULTS */;
/*!40101 SET COLLATION_CONNECTION=@OLD_COLLATION_CONNECTION */;
/*!40111 SET SQL_NOTES=@OLD_SQL_NOTES */;

-- Dump completed on 2026-06-28 17:09:06
